Query,Execution_Time_Seconds
q1.sql,1.924025
q2.sql,33.710955
q3.sql,0.479712
q4.sql,0.419002
q5.sql,0.663352
q6.sql,0.346488
q7.sql,0.437077
q8.sql,0.006276
q9.sql,0.886213
q10.sql,0.006225
q11.sql,0.775976
q12.sql,0.504282
q13.sql,1.348026
q14.sql,0.273557
q15.sql,0.326870
q16.sql,0.057760
q17.sql,0.853077
q18.sql,12.491838
q19.sql,0.380366
q20.sql,49.156898
q21.sql,0.818475
q22.sql,0.222081
