Query,Execution_Time_Seconds
q1.sql,1.700142
q2.sql,0.046786
q3.sql,0.305954
q4.sql,0.528867
q5.sql,0.290655
q6.sql,0.253689
q7.sql,0.001631
q9.sql,0.753889
q10.sql,0.394991
q11.sql,0.084276
q12.sql,0.383630
q13.sql,0.000610
q14.sql,0.000430
q15.sql,0.536295
q16.sql,0.164239
q17.sql,0.475163
q18.sql,10.852089
q19.sql,0.393075
q21.sql,9.169036
q22.sql,0.147735
