Query,Execution_Time_Seconds
q1.sql,2.736876
q2.sql,0.054355
q3.sql,0.387741
q4.sql,0.467790
q5.sql,0.458903
q6.sql,0.317437
q7.sql,0.155305
q8.sql,0.372667
q9.sql,0.842737
q10.sql,0.486146
q11.sql,0.114421
q12.sql,0.525418
q13.sql,0.628535
q14.sql,0.316808
q15.sql,0.001640
q16.sql,0.230498
q17.sql,0.657048
q18.sql,12.102481
q19.sql,0.449994
q21.sql,5.037208
q22.sql,0.326154
