Query,Execution_Time_Seconds
q1.sql,1.766641
q2.sql,74.401300
q3.sql,0.886210
q4.sql,0.926461
q5.sql,0.729539
q6.sql,0.585838
q7.sql,1.045471
q8.sql,0.688983
q9.sql,7.675670
q10.sql,1.100143
q11.sql,0.251938
q12.sql,0.971298
q13.sql,1.029010
q14.sql,1.264416
q15.sql,1.112413
q16.sql,0.373022
q17.sql,1.331485
q18.sql,22.471377
q19.sql,0.670173
q21.sql,56.391624
q22.sql,0.185661
