Query,Execution_Time_Seconds
q1.sql,1.998654
q2.sql,0.041007
q3.sql,0.304388
q4.sql,0.586741
q5.sql,0.291545
q6.sql,0.222351
q7.sql,0.001044
q8.sql,0.413132
q9.sql,0.631243
q10.sql,0.346502
q11.sql,0.088648
q12.sql,0.295286
q13.sql,0.000690
q14.sql,0.230766
q15.sql,0.529105
q16.sql,0.173457
q17.sql,0.486909
q18.sql,12.652519
q19.sql,0.060348
q21.sql,4.828420
q22.sql,1.089445
