Query,Execution_Time_Seconds
q1.sql,1.878933
q2.sql,0.041895
q3.sql,0.309628
q4.sql,0.500366
q5.sql,0.395314
q6.sql,0.233819
q7.sql,0.132511
q8.sql,0.680662
q9.sql,0.674703
q10.sql,0.351881
q11.sql,0.088077
q12.sql,0.418295
q13.sql,0.502870
q14.sql,0.001301
q15.sql,0.000929
q16.sql,0.252635
q17.sql,0.657286
q18.sql,12.608497
q19.sql,0.059580
q21.sql,4.708377
q22.sql,0.307349
