Query,Execution_Time_Seconds
q1.sql,1.655691
q2.sql,74.114924
q3.sql,0.432137
q4.sql,0.466857
q5.sql,0.385823
q6.sql,0.306220
q7.sql,0.441298
q8.sql,0.739556
q9.sql,0.650058
q10.sql,0.647968
q11.sql,0.085742
q12.sql,0.502529
q13.sql,0.603006
q14.sql,0.329417
q15.sql,0.383742
q16.sql,0.244617
q17.sql,0.000587
q18.sql,12.444661
q19.sql,0.459112
q21.sql,15.714498
q22.sql,0.127082
